Workbook

Sheet Read Me
A1: Mock Inventory Tracker — Portfolio Sample
A2: Built to demonstrate a small-business stock control system with automatic reorder alerts.
A4: HOW THIS SHEET WORKS
A5: 1. Go to the 'Inventory' tab. Each row is one SKU.
A6: 2. Yellow cells are the only ones you edit: Qty On Hand, Reorder Threshold, Reorder Qty, Unit Cost, Supplier.
A7: 3. 'Status' and 'Reorder Suggestion' columns are formulas — they update automatically. Do not type over them.
A8: 4. Status colors: RED = reorder now (at or below threshold), YELLOW = low stock (within 50% buffer above threshold), GREEN = healthy stock.
A9: 5. The 'Dashboard' tab automatically summarizes totals, low-stock counts, and inventory value — nothing to edit there.
A11: WHY THIS SAMPLE MATTERS
A12: Small sellers on Shopify/Etsy/Amazon FBA often track stock manually and miss reorder points, causing stockouts and lost sales.
A13: This tracker automates the flag so the owner knows exactly what to reorder and when — without checking every row by hand.

Sheet Inventory
A1: SKU | B1: Product Name | C1: Category | D1: Supplier | E1: Qty On Hand | F1: Reorder Threshold | G1: Reorder Qty | H1: Unit Cost | I1: Inventory Value | J1: Status | K1: Reorder Suggestion | L1: Last Restocked
A2: SKU-1001 | B2: Ceramic Pour-Over Dripper | C2: Kitchenware | D2: AuraBrew Co. | E2: 42 | F2: 15 | G2: 30 | H2: 8.5 | I2: =E2*H2 -> 357 | J2: =IF(E2<=F2,"Reorder Now",IF(E2<=F2*1.5,"Low Stock","OK")) -> OK | K2: =IF(E2<=F2,G2,"") | L2: 2024-05-02
A3: SKU-1002 | B3: Reusable Coffee Filter | C3: Kitchenware | D3: AuraBrew Co. | E3: 12 | F3: 15 | G3: 40 | H3: 2.1 | I3: =E3*H3 -> 25.2 | J3: =IF(E3<=F3,"Reorder Now",IF(E3<=F3*1.5,"Low Stock","OK")) -> Reorder Now | K3: =IF(E3<=F3,G3,"") -> 40 | L3: 2024-04-18
A4: SKU-1003 | B4: Bamboo Cutting Board | C4: Kitchenware | D4: GreenLeaf Supply | E4: 8 | F4: 10 | G4: 25 | H4: 6.75 | I4: =E4*H4 -> 54 | J4: =IF(E4<=F4,"Reorder Now",IF(E4<=F4*1.5,"Low Stock","OK")) -> Reorder Now | K4: =IF(E4<=F4,G4,"") -> 25 | L4: 2024-03-30
A5: SKU-1004 | B5: Cotton Tote Bag | C5: Accessories | D5: Northline Textiles | E5: 120 | F5: 40 | G5: 60 | H5: 3.2 | I5: =E5*H5 -> 384 | J5: =IF(E5<=F5,"Reorder Now",IF(E5<=F5*1.5,"Low Stock","OK")) -> OK | K5: =IF(E5<=F5,G5,"") | L5: 2024-05-10
A6: SKU-1005 | B6: Stainless Steel Tumbler | C6: Drinkware | D6: Northline Textiles | E6: 5 | F6: 12 | G6: 30 | H6: 5.9 | I6: =E6*H6 -> 29.5 | J6: =IF(E6<=F6,"Reorder Now",IF(E6<=F6*1.5,"Low Stock","OK")) -> Reorder Now | K6: =IF(E6<=F6,G6,"") -> 30 | L6: 2024-02-22
A7: SKU-1006 | B7: Scented Soy Candle | C7: Home | D7: Willow & Wick | E7: 30 | F7: 20 | G7: 35 | H7: 4.4 | I7: =E7*H7 -> 132 | J7: =IF(E7<=F7,"Reorder Now",IF(E7<=F7*1.5,"Low Stock","OK")) -> Low Stock | K7: =IF(E7<=F7,G7,"") | L7: 2024-05-14
A8: SKU-1007 | B8: Linen Tea Towel Set | C8: Kitchenware | D8: GreenLeaf Supply | E8: 18 | F8: 20 | G8: 30 | H8: 3.75 | I8: =E8*H8 -> 67.5 | J8: =IF(E8<=F8,"Reorder Now",IF(E8<=F8*1.5,"Low Stock","OK")) -> Reorder Now | K8: =IF(E8<=F8,G8,"") -> 30 | L8: 2024-04-05
A9: SKU-1008 | B9: Travel Mug | C9: Drinkware | D9: AuraBrew Co. | E9: 3 | F9: 10 | G9: 25 | H9: 6.2 | I9: =E9*H9 -> 18.6 | J9: =IF(E9<=F9,"Reorder Now",IF(E9<=F9*1.5,"Low Stock","OK")) -> Reorder Now | K9: =IF(E9<=F9,G9,"") -> 25 | L9: 2024-01-29
A12: Legend:
A13: Yellow cells = editable inputs
A14: Gray cells = automatic formulas, do not overwrite

Sheet Dashboard
A1: Inventory Dashboard
A2: Auto-calculated from the Inventory tab
A4: Total SKUs | B4: =COUNTA(Inventory!A2:A9) -> 8
A5: Items to Reorder Now | B5: =COUNTIF(Inventory!J2:J9,"Reorder Now") -> 5
A6: Items Low Stock | B6: =COUNTIF(Inventory!J2:J9,"Low Stock") -> 1
A7: Items OK | B7: =COUNTIF(Inventory!J2:J9,"OK") -> 2
A8: Total Inventory Value | B8: =SUM(Inventory!I2:I9) -> 1067.8
A11: Items Needing Reorder
A12: SKU | B12: Product Name | C12: Reorder Qty
A13: =IFERROR(IF(Inventory!J2="Reorder Now",Inventory!A2,""),"") | B13: =IFERROR(IF(Inventory!J2="Reorder Now",Inventory!B2,""),"") | C13: =IFERROR(IF(Inventory!J2="Reorder Now",Inventory!G2,""),"")
A14: =IFERROR(IF(Inventory!J3="Reorder Now",Inventory!A3,""),"") -> SKU-1002 | B14: =IFERROR(IF(Inventory!J3="Reorder Now",Inventory!B3,""),"") -> Reusable Coffee Filter | C14: =IFERROR(IF(Inventory!J3="Reorder Now",Inventory!G3,""),"") -> 40
A15: =IFERROR(IF(Inventory!J4="Reorder Now",Inventory!A4,""),"") -> SKU-1003 | B15: =IFERROR(IF(Inventory!J4="Reorder Now",Inventory!B4,""),"") -> Bamboo Cutting Board | C15: =IFERROR(IF(Inventory!J4="Reorder Now",Inventory!G4,""),"") -> 25
A16: =IFERROR(IF(Inventory!J5="Reorder Now",Inventory!A5,""),"") | B16: =IFERROR(IF(Inventory!J5="Reorder Now",Inventory!B5,""),"") | C16: =IFERROR(IF(Inventory!J5="Reorder Now",Inventory!G5,""),"")
A17: =IFERROR(IF(Inventory!J6="Reorder Now",Inventory!A6,""),"") -> SKU-1005 | B17: =IFERROR(IF(Inventory!J6="Reorder Now",Inventory!B6,""),"") -> Stainless Steel Tumbler | C17: =IFERROR(IF(Inventory!J6="Reorder Now",Inventory!G6,""),"") -> 30
A18: =IFERROR(IF(Inventory!J7="Reorder Now",Inventory!A7,""),"") | B18: =IFERROR(IF(Inventory!J7="Reorder Now",Inventory!B7,""),"") | C18: =IFERROR(IF(Inventory!J7="Reorder Now",Inventory!G7,""),"")
A19: =IFERROR(IF(Inventory!J8="Reorder Now",Inventory!A8,""),"") -> SKU-1007 | B19: =IFERROR(IF(Inventory!J8="Reorder Now",Inventory!B8,""),"") -> Linen Tea Towel Set | C19: =IFERROR(IF(Inventory!J8="Reorder Now",Inventory!G8,""),"") -> 30
A20: =IFERROR(IF(Inventory!J9="Reorder Now",Inventory!A9,""),"") -> SKU-1008 | B20: =IFERROR(IF(Inventory!J9="Reorder Now",Inventory!B9,""),"") -> Travel Mug | C20: =IFERROR(IF(Inventory!J9="Reorder Now",Inventory!G9,""),"") -> 25
